Id,modularity_class,properties._n_name,properties.n_name
16872,22,"nan, NEUROFERRITINOPATHY|BASAL GANGLIA DISEASE ADULT-ONSET|FERRITIN-RELATED NEURODEGENERATION, ADULT BASAL GANGLIA DISEASE|FERRITIN-RELATED NEURODEGENERATION|HEREDITARY FERRITINOPATHY|NBIA3|NEUROFERRITINOPATHY|NEUROFERRITINOPATHY; BASAL GANGLIA DISEASE, ADULT-ONSET|NEURODEGENERATION WITH BRAIN IRON ACCUMULATION 3, NEUROFERRITINOPATHY|BASAL GANGLIA DISEASE, ADULT-ONSET|FERRITIN-RELATED NEURODEGENERATION|HEREDITARY FERRITINOPATHY|NBIA3|NEURODEGENERATION WITH BRAIN IRON ACCUMULATION 3, BASAL GANGLIA DISEASE, ADULT-ONSET|NBIA3|NEUROFERRITINOPATHY|NEURODEGENERATION WITH BRAIN IRON ACCUMULATION 3, NEUROFERRITINOPATÍA, NEUROFERRITINOPATHY, FTL|HYPERFERRITINEMIA WITH OR WITHOUT CATARACT|L-FERRITIN DEFICIENCY, AUTOSOMAL DOMINANT|L-FERRITIN DEFICIENCY, AUTOSOMAL RECESSIVE|NEURODEGENERATION WITH BRAIN IRON ACCUMULATION 3|FERRITIN LIGHT CHAIN, BASAL GANGLIA DISEASE, ADULT-ONSET|FERRITIN-RELATED NEURODEGENERATION|HEREDITARY FERRITINOPATHY|NBIA3|NEURODEGENERATION WITH BRAIN IRON ACCUMULATION 3|NEUROFERRITINOPATHY, NEUROFERRITINOPATHY|ADULT BASAL GANGLIA DISEASE|ADULT ONSET BASAL GANGLIA DISEASE|BASAL GANGLIA DISEASE ADULT-ONSET|BASAL GANGLIA DISEASE, ADULT-ONSET|FERRITIN RELATED NEURODEGENERATION|FERRITIN-RELATED NEURODEGENERATION|HEREDITARY FERRITINOPATHY|NBIA3|NEURODEGENERATION WITH BRAIN IRON ACCUMULATION 3|NEURODEGENERATION WITH BRAIN IRON ACCUMULATION TYPE 3|NEUROFERRITINOPATHY; BASAL GANGLIA DISEASE, ADULT-ONSET, NEUROFERRITINOPATHY|HEREDITARY FERRITINOPATHY, NEURODEGENERATION WITH BRAIN IRON ACCUMULATION 3, ADULT BASAL GANGLIA DISEASE|FERRITIN-RELATED NEURODEGENERATION|HEREDITARY FERRITINOPATHY|NBIA3|NEURODEGENERATION WITH BRAIN IRON ACCUMULATION TYPE 3|NEUROFERRITINOPATHY|NEUROFERRITINOPATHY; BASAL GANGLIA DISEASE, ADULT-ONSET|BASAL GANGLIA DISEASE ADULT-ONSET|BASAL GANGLIA DISEASE, ADULT-ONSET|NEURODEGENERATION WITH BRAIN IRON ACCUMULATION 3|NEURODEGENERATION WITH BRAIN IRON ACCUMULATION 3; NBIA3, ADULT BASAL GANGLIA DISEASE|FERRITIN-RELATED NEURODEGENERATION|HEREDITARY FERRITINOPATHY|NBIA3|NEURODEGENERATION WITH BRAIN IRON ACCUMULATION TYPE 3|NEUROFERRITINOPATHY|NEUROFERRITINOPATHY; BASAL GANGLIA DISEASE, ADULT-ONSET|BASAL GANGLIA DISEASE ADULT-ONSET|BASAL GANGLIA DISEASE, ADULT-ONSET|NEURODEGENERATION WITH BRAIN IRON ACCUMULATION 3|NEURODEGENERATION WITH BRAIN IRON ACCUMULATION 3; NBIA3","nan, ['NEUROFERRITINOPATHY', 'BASAL GANGLIA DISEASE ADULT-ONSET', 'FERRITIN-RELATED NEURODEGENERATION'], ['ADULT BASAL GANGLIA DISEASE', 'FERRITIN-RELATED NEURODEGENERATION', 'HEREDITARY FERRITINOPATHY', 'NBIA3', 'NEUROFERRITINOPATHY', 'NEUROFERRITINOPATHY; BASAL GANGLIA DISEASE, ADULT-ONSET', 'NEURODEGENERATION WITH BRAIN IRON ACCUMULATION 3'], ['NEUROFERRITINOPATHY', 'BASAL GANGLIA DISEASE, ADULT-ONSET', 'FERRITIN-RELATED NEURODEGENERATION', 'HEREDITARY FERRITINOPATHY', 'NBIA3', 'NEURODEGENERATION WITH BRAIN IRON ACCUMULATION 3'], ['BASAL GANGLIA DISEASE, ADULT-ONSET', 'NBIA3', 'NEUROFERRITINOPATHY', 'NEURODEGENERATION WITH BRAIN IRON ACCUMULATION 3'], NEUROFERRITINOPATÍA, NEUROFERRITINOPATHY, ['FTL', 'HYPERFERRITINEMIA WITH OR WITHOUT CATARACT', 'L-FERRITIN DEFICIENCY, AUTOSOMAL DOMINANT', 'L-FERRITIN DEFICIENCY, AUTOSOMAL RECESSIVE', 'NEURODEGENERATION WITH BRAIN IRON ACCUMULATION 3', 'FERRITIN LIGHT CHAIN'], ['BASAL GANGLIA DISEASE, ADULT-ONSET', 'FERRITIN-RELATED NEURODEGENERATION', 'HEREDITARY FERRITINOPATHY', 'NBIA3', 'NEURODEGENERATION WITH BRAIN IRON ACCUMULATION 3', 'NEUROFERRITINOPATHY'], ['NEUROFERRITINOPATHY', 'ADULT BASAL GANGLIA DISEASE', 'ADULT ONSET BASAL GANGLIA DISEASE', 'BASAL GANGLIA DISEASE ADULT-ONSET', 'BASAL GANGLIA DISEASE, ADULT-ONSET', 'FERRITIN RELATED NEURODEGENERATION', 'FERRITIN-RELATED NEURODEGENERATION', 'HEREDITARY FERRITINOPATHY', 'NBIA3', 'NEURODEGENERATION WITH BRAIN IRON ACCUMULATION 3', 'NEURODEGENERATION WITH BRAIN IRON ACCUMULATION TYPE 3', 'NEUROFERRITINOPATHY; BASAL GANGLIA DISEASE, ADULT-ONSET'], ['NEUROFERRITINOPATHY', 'HEREDITARY FERRITINOPATHY'], NEURODEGENERATION WITH BRAIN IRON ACCUMULATION 3, ['ADULT BASAL GANGLIA DISEASE', 'FERRITIN-RELATED NEURODEGENERATION', 'HEREDITARY FERRITINOPATHY', 'NBIA3', 'NEURODEGENERATION WITH BRAIN IRON ACCUMULATION TYPE 3', 'NEUROFERRITINOPATHY', 'NEUROFERRITINOPATHY; BASAL GANGLIA DISEASE, ADULT-ONSET', 'BASAL GANGLIA DISEASE ADULT-ONSET', 'BASAL GANGLIA DISEASE, ADULT-ONSET', 'NEURODEGENERATION WITH BRAIN IRON ACCUMULATION 3', 'NEURODEGENERATION WITH BRAIN IRON ACCUMULATION 3; NBIA3'], ['ADULT BASAL GANGLIA DISEASE', 'FERRITIN-RELATED NEURODEGENERATION', 'HEREDITARY FERRITINOPATHY', 'NBIA3', 'NEURODEGENERATION WITH BRAIN IRON ACCUMULATION TYPE 3', 'NEUROFERRITINOPATHY', 'NEUROFERRITINOPATHY; BASAL GANGLIA DISEASE, ADULT-ONSET', 'BASAL GANGLIA DISEASE ADULT-ONSET', 'BASAL GANGLIA DISEASE, ADULT-ONSET', 'NEURODEGENERATION WITH BRAIN IRON ACCUMULATION 3', 'NEURODEGENERATION WITH BRAIN IRON ACCUMULATION 3; NBIA3']"
132121,22,"DYSPHAGIA|DIFFICULTY SWALLOWING, POOR SWALLOWING|SWALLOWING DIFFICULTIES|SWALLOWING DIFFICULTY|DEGLUTITION DISORDER|DYSPHAGIA, DYSPHAGIA, DIFFICULTY IN SWALLOWING NOS|DYSPHAGIA, UNSPECIFIED, SWALLOWING DIFFICULTIES, DYSPHAGIA, SWALLOWING DIFFICULTIES (DYSPHAGIA), DIFFICULTIES SWALLOWING, POOR SWALLOWING, DIFFICULTY SWALLOWING, DEGLUTITION DISORDER|DISORDERS, DEGLUTITION|DYSPHAGIA|DYSPHAGIA, ESOPHAGEAL|DYSPHAGIA, OROPHARYNGEAL|ESOPHAGEAL DYSPHAGIA|OROPHARYNGEAL DYSPHAGIA|SWALLOWING DISORDER|SWALLOWING DISORDERS|DEGLUTITION DISORDERS, SWALLOWING DISORDERS|DYSPHAGIA, DYSPHAGIA|CAN'T GET FOOD DOWN|CANNOT GET FOOD DOWN|DEGLUTITION DISORDER|DEGLUTITION DISORDERS|DIFFICULTIES SWALLOWING|DIFFICULTY IN SWALLOWING|DIFFICULTY SWALLOWING|DISORDERS, DEGLUTITION|POOR SWALLOWING|SWALLOWING DIFFICULT|SWALLOWING DIFFICULTIES|SWALLOWING DIFFICULTIES (DYSPHAGIA)|SWALLOWING DIFFICULTY|SWALLOWING DISORDER|SWALLOWING DISORDERS","['DYSPHAGIA', 'DIFFICULTY SWALLOWING'], ['POOR SWALLOWING', 'SWALLOWING DIFFICULTIES', 'SWALLOWING DIFFICULTY', 'DEGLUTITION DISORDER', 'DYSPHAGIA'], DYSPHAGIA, ['DIFFICULTY IN SWALLOWING NOS', 'DYSPHAGIA, UNSPECIFIED'], SWALLOWING DIFFICULTIES, DYSPHAGIA, SWALLOWING DIFFICULTIES (DYSPHAGIA), DIFFICULTIES SWALLOWING, POOR SWALLOWING, DIFFICULTY SWALLOWING, ['DEGLUTITION DISORDER', 'DISORDERS, DEGLUTITION', 'DYSPHAGIA', 'DYSPHAGIA, ESOPHAGEAL', 'DYSPHAGIA, OROPHARYNGEAL', 'ESOPHAGEAL DYSPHAGIA', 'OROPHARYNGEAL DYSPHAGIA', 'SWALLOWING DISORDER', 'SWALLOWING DISORDERS', 'DEGLUTITION DISORDERS'], ['SWALLOWING DISORDERS', 'DYSPHAGIA'], ['DYSPHAGIA', ""CAN'T GET FOOD DOWN"", 'CANNOT GET FOOD DOWN', 'DEGLUTITION DISORDER', 'DEGLUTITION DISORDERS', 'DIFFICULTIES SWALLOWING', 'DIFFICULTY IN SWALLOWING', 'DIFFICULTY SWALLOWING', 'DISORDERS, DEGLUTITION', 'POOR SWALLOWING', 'SWALLOWING DIFFICULT', 'SWALLOWING DIFFICULTIES', 'SWALLOWING DIFFICULTIES (DYSPHAGIA)', 'SWALLOWING DIFFICULTY', 'SWALLOWING DISORDER', 'SWALLOWING DISORDERS']"
15292,22,"HEREDITARY WHISPERING DYSPHONIA|PRIMARY DYSTONIA DYT4 TYPE|PRIMARY DYSTONIA TYPE 4|WHISPERING DYSPHONIA, HEREDITARY, AUTOSOMAL DOMINANT TORSION DYSTONIA 4|DYSTONIA 4, TORSION, AUTOSOMAL DOMINANT|DYSTONIA MUSCULORUM DEFORMANS 4|DYT4|HEREDITARY WHISPERING DYSPHONIA|TORSION DYSTONIA 4|TORSION DYSTONIA 4, AUTOSOMAL DOMINANT TYPE|TORSION DYSTONIA TYPE 4|WHISPERING DYSPHONIA|WHISPERING DYSPHONIA, HEREDITARY, DYSTONIA 4, TORSION, AUTOSOMAL DOMINANT|LEUKODYSTROPHY, HYPOMYELINATING, 6|TUBB4|TUBB4A|TUBULIN, BETA, CLASS IVA|TUBULIN, BETA-4A, DYSTONIA 4, TORSION, AUTOSOMAL DOMINANT|TORSION DYSTONIA 4, AUTOSOMAL DOMINANT TYPE|DYSTONIA MUSCULORUM DEFORMANS 4, WHISPERING DYSPHONIA, TORSION DYSTONIA 4, PRIMARY DYSTONIA, DYT4 TYPE, HEREDITARY WHISPERING DYSPHONIA|WHISPERING DYSPHONIA, HEREDITARY, DISTONÍA DE TORSIÓN IDIOPÁTICA NO-DYT1, DYT-TUBB4A|AUTOSOMAL DOMINANT TORSION DYSTONIA-4|DYSTONIA MUSCULORUM DEFORMANS 4|DYT4|HEREDITARY WHISPERING DYSPHONIA|WHISPERING DYSPHONIA, nan, WHISPERING DYSPHONIA, DYSTONIA MUSCULORUM DEFORMANS 4|DYT4|WHISPERING DYSPHONIA, HEREDITARY|DYSTONIA 4, TORSION, AUTOSOMAL DOMINANT, DYT4|HEREDITARY WHISPERING DYSPHONIA|TORSION DYSTONIA 4|TORSION DYSTONIA TYPE 4|WHISPERING DYSPHONIA|AUTOSOMAL DOMINANT TORSION DYSTONIA-4|DYSTONIA 4, TORSION, AUTOSOMAL DOMINANT|DYSTONIA 4, TORSION, AUTOSOMAL DOMINANT; DYT4|DYSTONIA MUSCULORUM DEFORMANS 4|PRIMARY DYSTONIA, DYT4 TYPE|WHISPERING DYSPHONIA, HEREDITARY, DYT4|HEREDITARY WHISPERING DYSPHONIA|TORSION DYSTONIA TYPE 4|WHISPERING DYSPHONIA|AUTOSOMAL DOMINANT TORSION DYSTONIA-4|DYSTONIA 4, TORSION, AUTOSOMAL DOMINANT|DYSTONIA 4, TORSION, AUTOSOMAL DOMINANT; DYT4|DYSTONIA MUSCULORUM DEFORMANS 4|PRIMARY DYSTONIA, DYT4 TYPE|WHISPERING DYSPHONIA, HEREDITARY|TORSION DYSTONIA 4, BETA-5|DYT4|TUBB4|TUBB5|TUBB4A, DYSTONIA 4, TORSION, AUTOSOMAL DOMINANT","['HEREDITARY WHISPERING DYSPHONIA', 'PRIMARY DYSTONIA DYT4 TYPE', 'PRIMARY DYSTONIA TYPE 4', 'WHISPERING DYSPHONIA, HEREDITARY'], ['AUTOSOMAL DOMINANT TORSION DYSTONIA 4', 'DYSTONIA 4, TORSION, AUTOSOMAL DOMINANT', 'DYSTONIA MUSCULORUM DEFORMANS 4', 'DYT4', 'HEREDITARY WHISPERING DYSPHONIA', 'TORSION DYSTONIA 4', 'TORSION DYSTONIA 4, AUTOSOMAL DOMINANT TYPE', 'TORSION DYSTONIA TYPE 4', 'WHISPERING DYSPHONIA', 'WHISPERING DYSPHONIA, HEREDITARY'], ['DYSTONIA 4, TORSION, AUTOSOMAL DOMINANT', 'LEUKODYSTROPHY, HYPOMYELINATING, 6', 'TUBB4', 'TUBB4A', 'TUBULIN, BETA, CLASS IVA', 'TUBULIN, BETA-4A'], ['DYSTONIA 4, TORSION, AUTOSOMAL DOMINANT', 'TORSION DYSTONIA 4, AUTOSOMAL DOMINANT TYPE', 'DYSTONIA MUSCULORUM DEFORMANS 4'], WHISPERING DYSPHONIA, TORSION DYSTONIA 4, PRIMARY DYSTONIA, DYT4 TYPE, ['HEREDITARY WHISPERING DYSPHONIA', 'WHISPERING DYSPHONIA, HEREDITARY'], DISTONÍA DE TORSIÓN IDIOPÁTICA NO-DYT1, ['DYT-TUBB4A', 'AUTOSOMAL DOMINANT TORSION DYSTONIA-4', 'DYSTONIA MUSCULORUM DEFORMANS 4', 'DYT4', 'HEREDITARY WHISPERING DYSPHONIA', 'WHISPERING DYSPHONIA'], nan, WHISPERING DYSPHONIA, ['DYSTONIA MUSCULORUM DEFORMANS 4', 'DYT4', 'WHISPERING DYSPHONIA, HEREDITARY', 'DYSTONIA 4, TORSION, AUTOSOMAL DOMINANT'], ['DYT4', 'HEREDITARY WHISPERING DYSPHONIA', 'TORSION DYSTONIA 4', 'TORSION DYSTONIA TYPE 4', 'WHISPERING DYSPHONIA', 'AUTOSOMAL DOMINANT TORSION DYSTONIA-4', 'DYSTONIA 4, TORSION, AUTOSOMAL DOMINANT', 'DYSTONIA 4, TORSION, AUTOSOMAL DOMINANT; DYT4', 'DYSTONIA MUSCULORUM DEFORMANS 4', 'PRIMARY DYSTONIA, DYT4 TYPE', 'WHISPERING DYSPHONIA, HEREDITARY'], ['DYT4', 'HEREDITARY WHISPERING DYSPHONIA', 'TORSION DYSTONIA TYPE 4', 'WHISPERING DYSPHONIA', 'AUTOSOMAL DOMINANT TORSION DYSTONIA-4', 'DYSTONIA 4, TORSION, AUTOSOMAL DOMINANT', 'DYSTONIA 4, TORSION, AUTOSOMAL DOMINANT; DYT4', 'DYSTONIA MUSCULORUM DEFORMANS 4', 'PRIMARY DYSTONIA, DYT4 TYPE', 'WHISPERING DYSPHONIA, HEREDITARY', 'TORSION DYSTONIA 4'], ['BETA-5', 'DYT4', 'TUBB4', 'TUBB5', 'TUBB4A'], DYSTONIA 4, TORSION, AUTOSOMAL DOMINANT"
28744,22,"BLEPHAROSPASM, EYELID TWITCHING, BLEPHAROSPASM, BLEPHAROSPASM|BLEPHAROSPASM (SPASM OF EYELID)|BLEPHAROSPASMS|EYELID TWITCHING|SPASM OF EYELIDS, BLEPHAROSPASM, BLEPHAROSPASMS|BLEPHAROSPASM, BLEPHAROSPASM, BLEPHAROSPASM, BENIGN ESSENTIAL, SUSCEPTIBILITY TO, EYELID DISORDERS, BLEPHAROSPASM|BEB|BENIGN ESSENTIAL BLEPHAROSPASM|BLEPHAROSPASM, BENIGN ESSENTIAL, SUSCEPTIBILITY TO|EYELID SPASM|EYELID TWITCHING|INVOLUNTARY CLOSURE OF EYELID|SPONTANEOUS CLOSURE OF EYELID, ATTENTION DEFICIT-HYPERACTIVITY DISORDER, SUSCEPTIBILITY TO|BLEPHAROSPASM, BENIGN ESSENTIAL, SUSCEPTIBILITY TO|DOPAMINE RECEPTOR D1B|DRD1B|DRD5|DOPAMINE RECEPTOR D5, EYELID SPASM|EYELID TWITCHING|INVOLUNTARY CLOSURE OF EYELID|SPONTANEOUS CLOSURE OF EYELID|BLEPHAROSPASM, BLEPHAROSPASM","BLEPHAROSPASM, EYELID TWITCHING, BLEPHAROSPASM, ['BLEPHAROSPASM', 'BLEPHAROSPASM (SPASM OF EYELID)', 'BLEPHAROSPASMS', 'EYELID TWITCHING', 'SPASM OF EYELIDS'], BLEPHAROSPASM, ['BLEPHAROSPASMS', 'BLEPHAROSPASM'], BLEPHAROSPASM, BLEPHAROSPASM, BENIGN ESSENTIAL, SUSCEPTIBILITY TO, EYELID DISORDERS, ['BLEPHAROSPASM', 'BEB', 'BENIGN ESSENTIAL BLEPHAROSPASM', 'BLEPHAROSPASM, BENIGN ESSENTIAL, SUSCEPTIBILITY TO', 'EYELID SPASM', 'EYELID TWITCHING', 'INVOLUNTARY CLOSURE OF EYELID', 'SPONTANEOUS CLOSURE OF EYELID'], ['ATTENTION DEFICIT-HYPERACTIVITY DISORDER, SUSCEPTIBILITY TO', 'BLEPHAROSPASM, BENIGN ESSENTIAL, SUSCEPTIBILITY TO', 'DOPAMINE RECEPTOR D1B', 'DRD1B', 'DRD5', 'DOPAMINE RECEPTOR D5'], ['EYELID SPASM', 'EYELID TWITCHING', 'INVOLUNTARY CLOSURE OF EYELID', 'SPONTANEOUS CLOSURE OF EYELID', 'BLEPHAROSPASM'], BLEPHAROSPASM"
43481,22,"DYSTONIA, GENERALIZED, GENERALIZED DYSTONIA, GENERALIZED DYSTONIA, GENERALIZED DYSTONIA|DYSTONIA DEFORMANS PROGRESSIVA|DYSTONIA, GENERALIZED|GENERALISED DYSTONIA, FAMILIAL DYSTONIA|FRAGMENTS OF TORSION DYSTONIA|DYSTONIA 12|GENERALIZED DYSTONIA, DYSTONIA MUSCULORUM DEFORMANS|TORSION DYSTONIA, IDIOPATHIC TORSION DYSTONIA, DISTONÍA GENERALIZADA DE LAS EXTREMIDADES DE INICIO TEMPRANO, EARLY-ONSET GENERALIZED LIMB-ONSET DYSTONIA, (SCHWALBE-) ZIEHEN-OPPENHEIM DISEASE|DYSTONIA DEFORMANS PROGRESSIVA|DYSTONIA MUSCULORUM DEFORMANS|FAMILIAL TORSION DYSTONIA|IDIOPATHIC (TORSION) DYSTONIA NOS|IDIOPATHIC FAMILIAL DYSTONIA|GENETIC TORSION DYSTONIA, TORSION DYSTONIA, CHILDHOOD TORSION DISEASE|DYSTONIA DEFORMANS MUSCULORUM|DYSTONIA DEFORMANS PROGRESSIVA|DYSTONIA, IDIOPATHIC TORSION|DYSTONIAS, IDIOPATHIC TORSION|DYSTONIAS, TORSION|IDIOPATHIC TORSION DYSTONIA|IDIOPATHIC TORSION DYSTONIAS|OPPENHEIM ZIEHEN DISEASE|OPPENHEIM-ZIEHEN DISEASE|PROGRESSIVE TORSION SPASM|SPASM, PROGRESSIVE TORSION|TORSION DISEASE OF CHILDHOOD|TORSION DISEASE, CHILDHOOD|TORSION DYSTONIA|TORSION DYSTONIA, IDIOPATHIC|TORSION SPASM, PROGRESSIVE|DYSTONIA MUSCULORUM DEFORMANS, TORSION DYSTONIA|CHILDHOOD TORSION DISEASE|DYSTONIA DEFORMANS MUSCULORUM|DYSTONIA DEFORMANS PROGRESSIVA|DYSTONIA MUSCULORUM DEFORMANS|DYSTONIA, IDIOPATHIC TORSION|DYSTONIAS, IDIOPATHIC TORSION|DYSTONIAS, TORSION|IDIOPATHIC TORSION DYSTONIA|IDIOPATHIC TORSION DYSTONIAS|OPPENHEIM ZIEHEN DISEASE|OPPENHEIM-ZIEHEN DISEASE|PRIMARY TORSION DYSTONIA|PROGRESSIVE TORSION SPASM|SCHWALBE DISEASE|SPASM, PROGRESSIVE TORSION|TORSION DISEASE OF CHILDHOOD|TORSION DISEASE, CHILDHOOD|TORSION DYSTONIA, IDIOPATHIC|TORSION SPASM, PROGRESSIVE|ZIEHEN-OPPENHEIM DISEASE","DYSTONIA, GENERALIZED, GENERALIZED DYSTONIA, GENERALIZED DYSTONIA, ['GENERALIZED DYSTONIA', 'DYSTONIA DEFORMANS PROGRESSIVA', 'DYSTONIA, GENERALIZED', 'GENERALISED DYSTONIA'], ['FAMILIAL DYSTONIA', 'FRAGMENTS OF TORSION DYSTONIA', 'DYSTONIA 12', 'GENERALIZED DYSTONIA'], ['DYSTONIA MUSCULORUM DEFORMANS', 'TORSION DYSTONIA'], IDIOPATHIC TORSION DYSTONIA, DISTONÍA GENERALIZADA DE LAS EXTREMIDADES DE INICIO TEMPRANO, EARLY-ONSET GENERALIZED LIMB-ONSET DYSTONIA, ['(SCHWALBE-) ZIEHEN-OPPENHEIM DISEASE', 'DYSTONIA DEFORMANS PROGRESSIVA', 'DYSTONIA MUSCULORUM DEFORMANS', 'FAMILIAL TORSION DYSTONIA', 'IDIOPATHIC (TORSION) DYSTONIA NOS', 'IDIOPATHIC FAMILIAL DYSTONIA', 'GENETIC TORSION DYSTONIA'], TORSION DYSTONIA, ['CHILDHOOD TORSION DISEASE', 'DYSTONIA DEFORMANS MUSCULORUM', 'DYSTONIA DEFORMANS PROGRESSIVA', 'DYSTONIA, IDIOPATHIC TORSION', 'DYSTONIAS, IDIOPATHIC TORSION', 'DYSTONIAS, TORSION', 'IDIOPATHIC TORSION DYSTONIA', 'IDIOPATHIC TORSION DYSTONIAS', 'OPPENHEIM ZIEHEN DISEASE', 'OPPENHEIM-ZIEHEN DISEASE', 'PROGRESSIVE TORSION SPASM', 'SPASM, PROGRESSIVE TORSION', 'TORSION DISEASE OF CHILDHOOD', 'TORSION DISEASE, CHILDHOOD', 'TORSION DYSTONIA', 'TORSION DYSTONIA, IDIOPATHIC', 'TORSION SPASM, PROGRESSIVE', 'DYSTONIA MUSCULORUM DEFORMANS'], ['TORSION DYSTONIA', 'CHILDHOOD TORSION DISEASE', 'DYSTONIA DEFORMANS MUSCULORUM', 'DYSTONIA DEFORMANS PROGRESSIVA', 'DYSTONIA MUSCULORUM DEFORMANS', 'DYSTONIA, IDIOPATHIC TORSION', 'DYSTONIAS, IDIOPATHIC TORSION', 'DYSTONIAS, TORSION', 'IDIOPATHIC TORSION DYSTONIA', 'IDIOPATHIC TORSION DYSTONIAS', 'OPPENHEIM ZIEHEN DISEASE', 'OPPENHEIM-ZIEHEN DISEASE', 'PRIMARY TORSION DYSTONIA', 'PROGRESSIVE TORSION SPASM', 'SCHWALBE DISEASE', 'SPASM, PROGRESSIVE TORSION', 'TORSION DISEASE OF CHILDHOOD', 'TORSION DISEASE, CHILDHOOD', 'TORSION DYSTONIA, IDIOPATHIC', 'TORSION SPASM, PROGRESSIVE', 'ZIEHEN-OPPENHEIM DISEASE']"
185786,22,"DYSPHONIA, HYPERKINETIC|DYSPHONIA, ORGANIC TREMOR|DYSPHONIA, SPASTIC|HYPERKINETIC DYSPHONIA|NEUROLOGIC ADDUCTER SPASTIC DYSPHONIA|ORGANIC TREMOR DYSPHONIA|PHONATION DISORDER|PHONATION DISORDERS|SPASTIC DYSPHONIA|SPASTIC DYSPHONIA, NEUROLOGIC ADDUCTER|DYSPHONIA, SPASMODIC DYSPHONIA|LARYNGEAL DYSTONIA, HOARSENESS|DYSPHONIA, DYSPHONIA|INABILITY TO PRODUCE VOICE SOUNDS|PHONATION DISORDER|PHONATION DISORDERS, DYSPHONIA, LARYNGEAL DYSTONIA, DYSPHONIA, LARYNGEAL DYSTONIA|LARYNGEAL DYSKINESIA|SPASMODIC DYSPHONIA|SPASMODIC DYSTONIA|SPASTIC DYSPHONIA, INABILITY TO PRODUCE VOICE SOUNDS|DYSPHONIA","['DYSPHONIA, HYPERKINETIC', 'DYSPHONIA, ORGANIC TREMOR', 'DYSPHONIA, SPASTIC', 'HYPERKINETIC DYSPHONIA', 'NEUROLOGIC ADDUCTER SPASTIC DYSPHONIA', 'ORGANIC TREMOR DYSPHONIA', 'PHONATION DISORDER', 'PHONATION DISORDERS', 'SPASTIC DYSPHONIA', 'SPASTIC DYSPHONIA, NEUROLOGIC ADDUCTER', 'DYSPHONIA'], ['SPASMODIC DYSPHONIA', 'LARYNGEAL DYSTONIA'], ['HOARSENESS', 'DYSPHONIA'], ['DYSPHONIA', 'INABILITY TO PRODUCE VOICE SOUNDS', 'PHONATION DISORDER', 'PHONATION DISORDERS'], DYSPHONIA, LARYNGEAL DYSTONIA, DYSPHONIA, ['LARYNGEAL DYSTONIA', 'LARYNGEAL DYSKINESIA', 'SPASMODIC DYSPHONIA', 'SPASMODIC DYSTONIA', 'SPASTIC DYSPHONIA'], ['INABILITY TO PRODUCE VOICE SOUNDS', 'DYSPHONIA']"
94864,22,"EMOTIONAL INSTABILITY|EMOTIONAL LABILITY, MOOD SWINGS, MOOD LABILITY|EMOTIONAL LABILITY|MOOD SWING, EMOTIONAL LABILITY, EMOTIONAL LABILITY, MOOD CHANGES, MOOD SWINGS, LABILE MOOD, EMOTIONAL INSTABILITY, MOOD LABILITY, MOOD ALTERATIONS|MOODY|MOOD CHANGES, MOOD SWINGS|CHANGEABLE MOOD|EMOTIONAL INSTABILITY|EMOTIONAL LABILITY|EMOTIONALLY LABILE|LABILE IN MOOD|LABILE MOOD|MOOD CHANGES|MOOD LABILITY|MOOD SWING|UNSTABLE MOOD|VARIABLE MOOD","['EMOTIONAL INSTABILITY', 'EMOTIONAL LABILITY'], ['MOOD SWINGS'], ['MOOD LABILITY', 'EMOTIONAL LABILITY', 'MOOD SWING'], EMOTIONAL LABILITY, EMOTIONAL LABILITY, MOOD CHANGES, MOOD SWINGS, LABILE MOOD, EMOTIONAL INSTABILITY, MOOD LABILITY, ['MOOD ALTERATIONS', 'MOODY', 'MOOD CHANGES'], ['MOOD SWINGS', 'CHANGEABLE MOOD', 'EMOTIONAL INSTABILITY', 'EMOTIONAL LABILITY', 'EMOTIONALLY LABILE', 'LABILE IN MOOD', 'LABILE MOOD', 'MOOD CHANGES', 'MOOD LABILITY', 'MOOD SWING', 'UNSTABLE MOOD', 'VARIABLE MOOD']"
87842,22,"HYPOMIMIA, DULL FACIAL EXPRESSION|HYPOMIMIA|DECREASED FACIAL EXPRESSIONS|DECREASED FACIAL MUSCLE MOVEMENT|HYPOMIMIC FACE, HYPOMIMIC FACE, DULL FACIAL EXPRESSION, EXPRESSIONLESS FACE, HYPOMIMIC FACE|DECREASED FACIAL EXPRESSIONS|DECREASED FACIAL MUSCLE MOVEMENT|DULL FACIAL EXPRESSION|EXPRESSIONLESS FACE|HYPOMIMIA|LACK OF FACIAL EXPRESSION|POVERTY OF FACIAL EXPRESSION","HYPOMIMIA, ['DULL FACIAL EXPRESSION', 'HYPOMIMIA', 'DECREASED FACIAL EXPRESSIONS', 'DECREASED FACIAL MUSCLE MOVEMENT', 'HYPOMIMIC FACE'], HYPOMIMIC FACE, DULL FACIAL EXPRESSION, EXPRESSIONLESS FACE, ['HYPOMIMIC FACE', 'DECREASED FACIAL EXPRESSIONS', 'DECREASED FACIAL MUSCLE MOVEMENT', 'DULL FACIAL EXPRESSION', 'EXPRESSIONLESS FACE', 'HYPOMIMIA', 'LACK OF FACIAL EXPRESSION', 'POVERTY OF FACIAL EXPRESSION']"
84790,22,"BETWEEN INDIVIDUAL BIOLOGICAL VARIATION|BETWEEN PERSON BIOLOGICAL VARIATION|BETWEEN PERSON VARIATION|BETWEEN SUBJECT BIOLOGICAL VARIATION|BETWEEN SUBJECT VARIATION|BETWEEN-INDIVIDUAL BIOLOGICAL VARIATION|BETWEEN-INDIVIDUAL BIOLOGICAL VARIATIONS|BETWEEN-PERSON BIOLOGICAL VARIATION|BETWEEN-PERSON BIOLOGICAL VARIATIONS|BETWEEN-PERSON VARIATION|BETWEEN-PERSON VARIATIONS|BETWEEN-SUBJECT BIOLOGICAL VARIATION|BETWEEN-SUBJECT BIOLOGICAL VARIATIONS|BETWEEN-SUBJECT VARIATION|BETWEEN-SUBJECT VARIATIONS|BIOLOGIC VARIABILITIES, POPULATION|BIOLOGIC VARIABILITY, POPULATION|BIOLOGICAL VARIATION, BETWEEN-INDIVIDUAL|BIOLOGICAL VARIATION, BETWEEN-PERSON|BIOLOGICAL VARIATION, BETWEEN-SUBJECT|BIOLOGICAL VARIATION, INTER-INDIVIDUAL|BIOLOGICAL VARIATIONS, BETWEEN-INDIVIDUAL|BIOLOGICAL VARIATIONS, BETWEEN-PERSON|BIOLOGICAL VARIATIONS, BETWEEN-SUBJECT|BIOLOGICAL VARIATIONS, INTER-INDIVIDUAL|BIOLOGICAL VARIATIONS, POPULATION|INTER INDIVIDUAL BIOLOGICAL VARIATION|INTER-INDIVIDUAL BIOLOGICAL VARIATION|INTER-INDIVIDUAL BIOLOGICAL VARIATIONS|PHENOTYPIC VARIABILITIES|PHENOTYPIC VARIABILITY|PHENOTYPIC VARIATION|PHENOTYPIC VARIATIONS|POPULATION BIOLOGIC VARIABILITIES|POPULATION BIOLOGIC VARIABILITY|POPULATION BIOLOGICAL VARIATION|POPULATION BIOLOGICAL VARIATIONS|VARIABILITIES, PHENOTYPIC|VARIABILITIES, POPULATION BIOLOGIC|VARIABILITY, PHENOTYPIC|VARIABILITY, POPULATION BIOLOGIC|VARIATION, BETWEEN-INDIVIDUAL BIOLOGICAL|VARIATION, BETWEEN-PERSON|VARIATION, BETWEEN-PERSON BIOLOGICAL|VARIATION, BETWEEN-SUBJECT|VARIATION, BETWEEN-SUBJECT BIOLOGICAL|VARIATION, INTER-INDIVIDUAL BIOLOGICAL|VARIATION, PHENOTYPIC|VARIATION, POPULATION BIOLOGICAL|VARIATIONS, BETWEEN-INDIVIDUAL BIOLOGICAL|VARIATIONS, BETWEEN-PERSON|VARIATIONS, BETWEEN-PERSON BIOLOGICAL|VARIATIONS, BETWEEN-SUBJECT|VARIATIONS, BETWEEN-SUBJECT BIOLOGICAL|VARIATIONS, INTER-INDIVIDUAL BIOLOGICAL|VARIATIONS, PHENOTYPIC|VARIATIONS, POPULATION BIOLOGICAL|BIOLOGICAL VARIATION, POPULATION, CLINICAL HETEROGENEITY|HIGHLY VARIABLE CLINICAL PHENOTYPE|HIGHLY VARIABLE PHENOTYPE|HIGHLY VARIABLE PHENOTYPE AND SEVERITY|HIGHLY VARIABLE PHENOTYPE, EVEN WITHIN FAMILIES|VARIABLE PHENOTYPE|VARIABLE PHENOTYPIC SEVERITY|PHENOTYPIC VARIABILITY, VARIABLE PHENOTYPIC SEVERITY, PHENOTYPIC VARIATION, CLINICAL HETEROGENEITY, VARIABLE PHENOTYPE, PHENOTYPIC VARIABILITY, VARIABLE PHENOTYPE|CLINICAL HETEROGENEITY|HIGHLY VARIABLE CLINICAL PHENOTYPE|HIGHLY VARIABLE PHENOTYPE|HIGHLY VARIABLE PHENOTYPE AND SEVERITY|HIGHLY VARIABLE PHENOTYPE, EVEN WITHIN FAMILIES|PHENOTYPIC VARIABILITIES|PHENOTYPIC VARIABILITY|PHENOTYPIC VARIATION|PHENOTYPIC VARIATIONS|VARIABILITIES, PHENOTYPIC|VARIABILITY, PHENOTYPIC|VARIABLE PHENOTYPIC SEVERITY|VARIATION, PHENOTYPIC|VARIATIONS, PHENOTYPIC, HIGHLY VARIABLE CLINICAL PHENOTYPE|HIGHLY VARIABLE PHENOTYPE, HIGHLY VARIABLE CLINICAL PHENOTYPE, HIGHLY VARIABLE PHENOTYPE","['BETWEEN INDIVIDUAL BIOLOGICAL VARIATION', 'BETWEEN PERSON BIOLOGICAL VARIATION', 'BETWEEN PERSON VARIATION', 'BETWEEN SUBJECT BIOLOGICAL VARIATION', 'BETWEEN SUBJECT VARIATION', 'BETWEEN-INDIVIDUAL BIOLOGICAL VARIATION', 'BETWEEN-INDIVIDUAL BIOLOGICAL VARIATIONS', 'BETWEEN-PERSON BIOLOGICAL VARIATION', 'BETWEEN-PERSON BIOLOGICAL VARIATIONS', 'BETWEEN-PERSON VARIATION', 'BETWEEN-PERSON VARIATIONS', 'BETWEEN-SUBJECT BIOLOGICAL VARIATION', 'BETWEEN-SUBJECT BIOLOGICAL VARIATIONS', 'BETWEEN-SUBJECT VARIATION', 'BETWEEN-SUBJECT VARIATIONS', 'BIOLOGIC VARIABILITIES, POPULATION', 'BIOLOGIC VARIABILITY, POPULATION', 'BIOLOGICAL VARIATION, BETWEEN-INDIVIDUAL', 'BIOLOGICAL VARIATION, BETWEEN-PERSON', 'BIOLOGICAL VARIATION, BETWEEN-SUBJECT', 'BIOLOGICAL VARIATION, INTER-INDIVIDUAL', 'BIOLOGICAL VARIATIONS, BETWEEN-INDIVIDUAL', 'BIOLOGICAL VARIATIONS, BETWEEN-PERSON', 'BIOLOGICAL VARIATIONS, BETWEEN-SUBJECT', 'BIOLOGICAL VARIATIONS, INTER-INDIVIDUAL', 'BIOLOGICAL VARIATIONS, POPULATION', 'INTER INDIVIDUAL BIOLOGICAL VARIATION', 'INTER-INDIVIDUAL BIOLOGICAL VARIATION', 'INTER-INDIVIDUAL BIOLOGICAL VARIATIONS', 'PHENOTYPIC VARIABILITIES', 'PHENOTYPIC VARIABILITY', 'PHENOTYPIC VARIATION', 'PHENOTYPIC VARIATIONS', 'POPULATION BIOLOGIC VARIABILITIES', 'POPULATION BIOLOGIC VARIABILITY', 'POPULATION BIOLOGICAL VARIATION', 'POPULATION BIOLOGICAL VARIATIONS', 'VARIABILITIES, PHENOTYPIC', 'VARIABILITIES, POPULATION BIOLOGIC', 'VARIABILITY, PHENOTYPIC', 'VARIABILITY, POPULATION BIOLOGIC', 'VARIATION, BETWEEN-INDIVIDUAL BIOLOGICAL', 'VARIATION, BETWEEN-PERSON', 'VARIATION, BETWEEN-PERSON BIOLOGICAL', 'VARIATION, BETWEEN-SUBJECT', 'VARIATION, BETWEEN-SUBJECT BIOLOGICAL', 'VARIATION, INTER-INDIVIDUAL BIOLOGICAL', 'VARIATION, PHENOTYPIC', 'VARIATION, POPULATION BIOLOGICAL', 'VARIATIONS, BETWEEN-INDIVIDUAL BIOLOGICAL', 'VARIATIONS, BETWEEN-PERSON', 'VARIATIONS, BETWEEN-PERSON BIOLOGICAL', 'VARIATIONS, BETWEEN-SUBJECT', 'VARIATIONS, BETWEEN-SUBJECT BIOLOGICAL', 'VARIATIONS, INTER-INDIVIDUAL BIOLOGICAL', 'VARIATIONS, PHENOTYPIC', 'VARIATIONS, POPULATION BIOLOGICAL', 'BIOLOGICAL VARIATION, POPULATION'], ['CLINICAL HETEROGENEITY', 'HIGHLY VARIABLE CLINICAL PHENOTYPE', 'HIGHLY VARIABLE PHENOTYPE', 'HIGHLY VARIABLE PHENOTYPE AND SEVERITY', 'HIGHLY VARIABLE PHENOTYPE, EVEN WITHIN FAMILIES', 'VARIABLE PHENOTYPE', 'VARIABLE PHENOTYPIC SEVERITY', 'PHENOTYPIC VARIABILITY'], VARIABLE PHENOTYPIC SEVERITY, PHENOTYPIC VARIATION, CLINICAL HETEROGENEITY, VARIABLE PHENOTYPE, PHENOTYPIC VARIABILITY, ['VARIABLE PHENOTYPE', 'CLINICAL HETEROGENEITY', 'HIGHLY VARIABLE CLINICAL PHENOTYPE', 'HIGHLY VARIABLE PHENOTYPE', 'HIGHLY VARIABLE PHENOTYPE AND SEVERITY', 'HIGHLY VARIABLE PHENOTYPE, EVEN WITHIN FAMILIES', 'PHENOTYPIC VARIABILITIES', 'PHENOTYPIC VARIABILITY', 'PHENOTYPIC VARIATION', 'PHENOTYPIC VARIATIONS', 'VARIABILITIES, PHENOTYPIC', 'VARIABILITY, PHENOTYPIC', 'VARIABLE PHENOTYPIC SEVERITY', 'VARIATION, PHENOTYPIC', 'VARIATIONS, PHENOTYPIC'], ['HIGHLY VARIABLE CLINICAL PHENOTYPE', 'HIGHLY VARIABLE PHENOTYPE'], HIGHLY VARIABLE CLINICAL PHENOTYPE, HIGHLY VARIABLE PHENOTYPE"
161350,22,"CEREBELLAR SIGNS, ABNORMALITY OF THE CEREBELLUM|CEREBELLAR ABNORMALITIES|CEREBELLAR ABNORMALITY|CEREBELLAR ANOMALY|CEREBELLAR SIGNS|ABNORMAL CEREBELLUM MORPHOLOGY, CEREBELLAR ABNORMALITIES, CEREBELLAR ANOMALY, CEREBELLAR ANOMALIES, CEREBELLAR SIGNS, ABNORMALITY OF THE CEREBELLUM|ABNORMAL CEREBELLUM MORPHOLOGY|CEREBELLAR ABNORMALITIES|CEREBELLAR ABNORMALITY|CEREBELLAR ANOMALIES|CEREBELLAR ANOMALY|CEREBELLAR SIGNS","CEREBELLAR SIGNS, ['ABNORMALITY OF THE CEREBELLUM', 'CEREBELLAR ABNORMALITIES', 'CEREBELLAR ABNORMALITY', 'CEREBELLAR ANOMALY', 'CEREBELLAR SIGNS', 'ABNORMAL CEREBELLUM MORPHOLOGY'], CEREBELLAR ABNORMALITIES, CEREBELLAR ANOMALY, CEREBELLAR ANOMALIES, CEREBELLAR SIGNS, ['ABNORMALITY OF THE CEREBELLUM', 'ABNORMAL CEREBELLUM MORPHOLOGY', 'CEREBELLAR ABNORMALITIES', 'CEREBELLAR ABNORMALITY', 'CEREBELLAR ANOMALIES', 'CEREBELLAR ANOMALY', 'CEREBELLAR SIGNS']"
34398,22,"NEUROAXONAL DYSTROPHY|AXONAL DYSTROPHY|DYSTROPHY, NEUROAXONAL|NAD|NBIA2A|NEUROAXONAL DYSTROPHIES, NEUROAXONAL DYSTROPHY, NEUROAXONAL DYSTROPHY, ADULT NEUROAXONAL DYSTROPHY|DISEASE, SEITELBERGER|DISEASE, SEITELBERGER'S|DYSTROPHY, ADULT NEUROAXONAL|DYSTROPHY, INFANTILE NEUROAXONAL|DYSTROPHY, JUVENILE NEUROAXONAL|DYSTROPHY, NEUROAXONAL|INFANTILE NEUROAXONAL DYSTROPHY|JUVENILE NEUROAXONAL DYSTROPHY|LATE INFANTILE NEUROAXONAL DYSTROPHY|NBIA, PLA2G6 RELATED|NBIA, PLA2G6-RELATED|NBIA2A|NEUROAXONAL DYSTROPHY|NEUROAXONAL DYSTROPHY, ADULT|NEUROAXONAL DYSTROPHY, INFANTILE|NEUROAXONAL DYSTROPHY, JUVENILE|NEUROAXONAL DYSTROPHY, LATE INFANTILE|NEURODEGENERATION WITH BRAIN IRON ACCUMULATION 2A|NEURODEGENERATION, PLA2G6 ASSOCIATED|NEURODEGENERATION, PLA2G6-ASSOCIATED|PLA2G6-ASSOCIATED NEURODEGENERATION|PLA2G6-RELATED NBIA|SEITELBERGER DISEASE|SEITELBERGER'S DISEASE|SEITELBERGERS DISEASE|NEUROAXONAL DYSTROPHIES","['NEUROAXONAL DYSTROPHY', 'AXONAL DYSTROPHY', 'DYSTROPHY, NEUROAXONAL', 'NAD', 'NBIA2A', 'NEUROAXONAL DYSTROPHIES'], NEUROAXONAL DYSTROPHY, NEUROAXONAL DYSTROPHY, ['ADULT NEUROAXONAL DYSTROPHY', 'DISEASE, SEITELBERGER', ""DISEASE, SEITELBERGER'S"", 'DYSTROPHY, ADULT NEUROAXONAL', 'DYSTROPHY, INFANTILE NEUROAXONAL', 'DYSTROPHY, JUVENILE NEUROAXONAL', 'DYSTROPHY, NEUROAXONAL', 'INFANTILE NEUROAXONAL DYSTROPHY', 'JUVENILE NEUROAXONAL DYSTROPHY', 'LATE INFANTILE NEUROAXONAL DYSTROPHY', 'NBIA, PLA2G6 RELATED', 'NBIA, PLA2G6-RELATED', 'NBIA2A', 'NEUROAXONAL DYSTROPHY', 'NEUROAXONAL DYSTROPHY, ADULT', 'NEUROAXONAL DYSTROPHY, INFANTILE', 'NEUROAXONAL DYSTROPHY, JUVENILE', 'NEUROAXONAL DYSTROPHY, LATE INFANTILE', 'NEURODEGENERATION WITH BRAIN IRON ACCUMULATION 2A', 'NEURODEGENERATION, PLA2G6 ASSOCIATED', 'NEURODEGENERATION, PLA2G6-ASSOCIATED', 'PLA2G6-ASSOCIATED NEURODEGENERATION', 'PLA2G6-RELATED NBIA', 'SEITELBERGER DISEASE', ""SEITELBERGER'S DISEASE"", 'SEITELBERGERS DISEASE', 'NEUROAXONAL DYSTROPHIES']"
130905,22,"ABNORMALITY OF METABOLISM/HOMEOSTASIS|LABORATORY ABNORMALITY|METABOLISM ABNORMALITY, LABORATORY ABNORMALITY|METABOLISM ABNORMALITY|ABNORMALITY OF METABOLISM/HOMEOSTASIS","['ABNORMALITY OF METABOLISM/HOMEOSTASIS', 'LABORATORY ABNORMALITY', 'METABOLISM ABNORMALITY'], ['LABORATORY ABNORMALITY', 'METABOLISM ABNORMALITY', 'ABNORMALITY OF METABOLISM/HOMEOSTASIS']"
45109,22,"INABILITY TO SPEAK|MUTENESS|MUTISM, MUTISM, MUTISM, APHASIA, KUSSMAUL|APHASIA, KUSSMAUL'S|CONVERSION MUTISM|CONVERSION MUTISMS|ELECTIVE MUTISM|ELECTIVE MUTISMS|KUSSMAUL APHASIA|KUSSMAUL'S APHASIA|KUSSMAULS APHASIA|MUTISM, CONVERSION|MUTISM, ELECTIVE|MUTISM, ORGANIC|MUTISM, SELECTIVE|MUTISM, VOLUNTARY|MUTISMS|MUTISMS, CONVERSION|MUTISMS, ELECTIVE|MUTISMS, ORGANIC|MUTISMS, VOLUNTARY|ORGANIC MUTISM|ORGANIC MUTISMS|SELECTIVE MUTISM|VOLUNTARY MUTISM|VOLUNTARY MUTISMS|MUTISM, MUTISM|INABILITY TO SPEAK|MUTENESS|MUTISM (DISEASE)|MUTISMS","['INABILITY TO SPEAK', 'MUTENESS', 'MUTISM'], MUTISM, MUTISM, ['APHASIA, KUSSMAUL', ""APHASIA, KUSSMAUL'S"", 'CONVERSION MUTISM', 'CONVERSION MUTISMS', 'ELECTIVE MUTISM', 'ELECTIVE MUTISMS', 'KUSSMAUL APHASIA', ""KUSSMAUL'S APHASIA"", 'KUSSMAULS APHASIA', 'MUTISM, CONVERSION', 'MUTISM, ELECTIVE', 'MUTISM, ORGANIC', 'MUTISM, SELECTIVE', 'MUTISM, VOLUNTARY', 'MUTISMS', 'MUTISMS, CONVERSION', 'MUTISMS, ELECTIVE', 'MUTISMS, ORGANIC', 'MUTISMS, VOLUNTARY', 'ORGANIC MUTISM', 'ORGANIC MUTISMS', 'SELECTIVE MUTISM', 'VOLUNTARY MUTISM', 'VOLUNTARY MUTISMS', 'MUTISM'], ['MUTISM', 'INABILITY TO SPEAK', 'MUTENESS', 'MUTISM (DISEASE)', 'MUTISMS']"
33713,22,"DISORDER, IRON METABOLISM|DISORDERS, IRON METABOLISM|IRON METABOLISM DISORDER|METABOLISM DISORDER, IRON|METABOLISM DISORDERS, IRON|IRON METABOLISM DISORDERS, DISORDER OF IRON METABOLISM|IRON DISORDER|IRON METABOLISM DISEASE, DISORDERS OF IRON METABOLISM, DISORDER OF IRON METABOLISM, UNSPECIFIED, IRON METABOLISM DISEASE|DISORDER OF IRON METABOLISM|DISORDER, IRON METABOLISM|DISORDERS, IRON METABOLISM|IRON DISORDER|IRON METABOLISM DISORDER|IRON METABOLISM DISORDERS|METABOLISM DISORDER, IRON|METABOLISM DISORDERS, IRON","['DISORDER, IRON METABOLISM', 'DISORDERS, IRON METABOLISM', 'IRON METABOLISM DISORDER', 'METABOLISM DISORDER, IRON', 'METABOLISM DISORDERS, IRON', 'IRON METABOLISM DISORDERS'], ['DISORDER OF IRON METABOLISM', 'IRON DISORDER', 'IRON METABOLISM DISEASE'], DISORDERS OF IRON METABOLISM, DISORDER OF IRON METABOLISM, UNSPECIFIED, ['IRON METABOLISM DISEASE', 'DISORDER OF IRON METABOLISM', 'DISORDER, IRON METABOLISM', 'DISORDERS, IRON METABOLISM', 'IRON DISORDER', 'IRON METABOLISM DISORDER', 'IRON METABOLISM DISORDERS', 'METABOLISM DISORDER, IRON', 'METABOLISM DISORDERS, IRON']"
169933,22,"DISINHIBITION|DISINHIBITED, DISINHIBITION, DISINHIBITION, DISINHIBITION|DISINHIBITED|LACK OF RESTRAINT IN SOCIAL SETTINGS|SOCIAL DISINHIBITION","['DISINHIBITION', 'DISINHIBITED'], ['DISINHIBITION'], DISINHIBITION, ['DISINHIBITION', 'DISINHIBITED', 'LACK OF RESTRAINT IN SOCIAL SETTINGS', 'SOCIAL DISINHIBITION']"
66331,22,"ANARTHRIA|JUMBLED SPEECH|LOSS OF ARTICULATE SPEECH, LOSS OF ARTICULATE SPEECH|ANARTHRIA, ANARTHRIA","['ANARTHRIA', 'JUMBLED SPEECH', 'LOSS OF ARTICULATE SPEECH'], ['LOSS OF ARTICULATE SPEECH', 'ANARTHRIA'], ANARTHRIA"
103628,22,"DECREASED SERUM FERRITIN|DECREASED PLASMA FERRITIN|LOW FERRITIN LEVEL|REDUCED SERUM FERRITIN, DECREASED PLASMA FERRITIN|DECREASED SERUM FERRITIN|LOW FERRITIN LEVEL|REDUCED SERUM FERRITIN, DECREASED SERUM FERRITIN","['DECREASED SERUM FERRITIN', 'DECREASED PLASMA FERRITIN', 'LOW FERRITIN LEVEL', 'REDUCED SERUM FERRITIN'], ['DECREASED PLASMA FERRITIN', 'DECREASED SERUM FERRITIN', 'LOW FERRITIN LEVEL', 'REDUCED SERUM FERRITIN'], DECREASED SERUM FERRITIN"
128161,22,"SUBCORTICAL DEMENTIA, SUBCORTICAL DEMENTIA","SUBCORTICAL DEMENTIA, SUBCORTICAL DEMENTIA"
201652,22,"SLENDER BUILD, ASTHENIC HABITUS|SLENDER BUILD|THIN BODY HABITUS|THIN BUILD, ASTHENIC HABITUS, SLENDER BUILD|ASTHENIC HABITUS|THIN BODY HABITUS|THIN BUILD, THIN BUILD, THIN BODY HABITUS, LEANNESS, INHERITED|LEANNESS|SKINNY BUILD|THIN BODY HABITUS|THIN BUILD|THINNESS, LEANNESS|UNDERWEIGHT|THINNESS, LEANNESS|OBESITY","SLENDER BUILD, ['ASTHENIC HABITUS', 'SLENDER BUILD', 'THIN BODY HABITUS', 'THIN BUILD'], ASTHENIC HABITUS, ['SLENDER BUILD', 'ASTHENIC HABITUS', 'THIN BODY HABITUS', 'THIN BUILD'], THIN BUILD, THIN BODY HABITUS, ['LEANNESS, INHERITED', 'LEANNESS', 'SKINNY BUILD', 'THIN BODY HABITUS', 'THIN BUILD', 'THINNESS'], ['LEANNESS', 'UNDERWEIGHT', 'THINNESS'], ['LEANNESS', 'OBESITY']"
191335,22,"MICROGRAPHIA, MICROGRAPHIA, MICROGRAPHIA","MICROGRAPHIA, MICROGRAPHIA, MICROGRAPHIA"
110960,22,"CAVITATION OF THE BASAL GANGLIA, CAVITATION OF THE BASAL GANGLIA","CAVITATION OF THE BASAL GANGLIA, CAVITATION OF THE BASAL GANGLIA"
5351118,22,,
2597150,22,,
5351126,22,,
5378167,22,,
5378169,22,,
5391625,22,,
973016,22,"OROFACIAL DYSTONIA, OROFACIAL DYSTONIA","OROFACIAL DYSTONIA, OROFACIAL DYSTONIA"
993326,22,"TREMOR OF PALATE|PALATAL TREMOR, PALATAL TREMOR","['TREMOR OF PALATE', 'PALATAL TREMOR'], PALATAL TREMOR"
940855,22,"MRI IMAGING SHOWS CAVITATION OF THE BASAL GANGLIA, MRI IMAGING SHOWS CAVITATION OF THE BASAL GANGLIA","MRI IMAGING SHOWS CAVITATION OF THE BASAL GANGLIA, MRI IMAGING SHOWS CAVITATION OF THE BASAL GANGLIA"
940887,22,"BRAIN TISSUE SHOWS CAVITATION OF THE BASAL GANGLIA, BRAIN TISSUE SHOWS CAVITATION OF THE BASAL GANGLIA","BRAIN TISSUE SHOWS CAVITATION OF THE BASAL GANGLIA, BRAIN TISSUE SHOWS CAVITATION OF THE BASAL GANGLIA"
940800,22,"BRAIN TISSUE SHOWS ABNORMAL SPHERICAL AGGREGATES OF IRON AND FERRITIN IN THE BASAL GANGLIA, FOREBRAIN, AND CEREBELLUM, BRAIN TISSUE SHOWS ABNORMAL SPHERICAL AGGREGATES OF IRON AND FERRITIN IN THE BASAL GANGLIA, FOREBRAIN, AND CEREBELLUM","BRAIN TISSUE SHOWS ABNORMAL SPHERICAL AGGREGATES OF IRON AND FERRITIN IN THE BASAL GANGLIA, FOREBRAIN, AND CEREBELLUM, BRAIN TISSUE SHOWS ABNORMAL SPHERICAL AGGREGATES OF IRON AND FERRITIN IN THE BASAL GANGLIA, FOREBRAIN, AND CEREBELLUM"
828333,22,"CAUSED BY MUTATION IN THE FERRITIN LIGHT-CHAIN GENE (FTL, 134790.0010), CAUSED BY MUTATION IN THE FERRITIN LIGHT-CHAIN GENE (FTL, 134790.0010)","CAUSED BY MUTATION IN THE FERRITIN LIGHT-CHAIN GENE (FTL, 134790.0010), CAUSED BY MUTATION IN THE FERRITIN LIGHT-CHAIN GENE (FTL, 134790.0010)"
979916,22,"OROMANDIBULAR DYSKINESIA, OROMANDIBULAR DYSKINESIA","OROMANDIBULAR DYSKINESIA, OROMANDIBULAR DYSKINESIA"
950392,22,"INVOLUNTARY MOVEMENTS, ASYMMETRIC, INVOLUNTARY MOVEMENTS, ASYMMETRIC","INVOLUNTARY MOVEMENTS, ASYMMETRIC, INVOLUNTARY MOVEMENTS, ASYMMETRIC"
950354,22,"GAIT DISABILITY, GAIT DISABILITY","GAIT DISABILITY, GAIT DISABILITY"
950546,22,"SPASTICITY (LESS COMMON), SPASTICITY (LESS COMMON)","SPASTICITY (LESS COMMON), SPASTICITY (LESS COMMON)"
828281,22,"COGNITIVE DEFECTS DEVELOP LATER IN THE DISEASE, COGNITIVE DEFECTS DEVELOP LATER IN THE DISEASE","COGNITIVE DEFECTS DEVELOP LATER IN THE DISEASE, COGNITIVE DEFECTS DEVELOP LATER IN THE DISEASE"
828259,22,"FRONTOTEMPORAL/SUBCORTICAL DEMENTIA, FRONTOTEMPORAL/SUBCORTICAL DEMENTIA","FRONTOTEMPORAL/SUBCORTICAL DEMENTIA, FRONTOTEMPORAL/SUBCORTICAL DEMENTIA"
828439,22,"AUTONOMIC FEATURES MAY OCCUR, AUTONOMIC FEATURES MAY OCCUR","AUTONOMIC FEATURES MAY OCCUR, AUTONOMIC FEATURES MAY OCCUR"
828409,22,"NEUROAXONAL SPHEROIDS, NEUROAXONAL SPHEROIDS","NEUROAXONAL SPHEROIDS, NEUROAXONAL SPHEROIDS"
828391,22,"OROLINGUAL DYSKINESIA, OROLINGUAL DYSKINESIA","OROLINGUAL DYSKINESIA, OROLINGUAL DYSKINESIA"
828363,22,"PHARYNGEAL DYSTONIA, PHARYNGEAL DYSTONIA","PHARYNGEAL DYSTONIA, PHARYNGEAL DYSTONIA"
828066,22,"ONSET 13 TO 63 YEARS OF AGE, ONSET 13 TO 63 YEARS OF AGE","ONSET 13 TO 63 YEARS OF AGE, ONSET 13 TO 63 YEARS OF AGE"
179304,22,"NARROW FACE, DECREASED BREADTH OF FACE|DECREASED HORIZONTAL DIMENSION OF FACE|DECREASED TRANSVERSE DIMENSION OF FACE|DECREASED WIDTH OF FACE|HORIZONTAL DEFICIENCY OF FACE|HORIZONTAL HYPOPLASIA OF FACE|HORIZONTAL INSUFFICIENCY OF FACE|NARROW FACE|NARROW FACIES|THIN FACIES|TRANSVERSE DEFICIENCY OF FACE|TRANSVERSE HYPOPLASIA OF FACE|TRANSVERSE INSUFFICIENCY OF FACE|THIN FACE, NARROW, THIN FACE, NARROW FACE|DECREASED BREADTH OF FACE|DECREASED HORIZONTAL DIMENSION OF FACE|DECREASED TRANSVERSE DIMENSION OF FACE|DECREASED WIDTH OF FACE|HORIZONTAL DEFICIENCY OF FACE|HORIZONTAL HYPOPLASIA OF FACE|HORIZONTAL INSUFFICIENCY OF FACE|NARROW|NARROW FACIES|THIN FACE|THIN FACIES|TRANSVERSE DEFICIENCY OF FACE|TRANSVERSE HYPOPLASIA OF FACE|TRANSVERSE INSUFFICIENCY OF FACE, THIN FACE","NARROW FACE, ['DECREASED BREADTH OF FACE', 'DECREASED HORIZONTAL DIMENSION OF FACE', 'DECREASED TRANSVERSE DIMENSION OF FACE', 'DECREASED WIDTH OF FACE', 'HORIZONTAL DEFICIENCY OF FACE', 'HORIZONTAL HYPOPLASIA OF FACE', 'HORIZONTAL INSUFFICIENCY OF FACE', 'NARROW FACE', 'NARROW FACIES', 'THIN FACIES', 'TRANSVERSE DEFICIENCY OF FACE', 'TRANSVERSE HYPOPLASIA OF FACE', 'TRANSVERSE INSUFFICIENCY OF FACE', 'THIN FACE'], NARROW, THIN FACE, ['NARROW FACE', 'DECREASED BREADTH OF FACE', 'DECREASED HORIZONTAL DIMENSION OF FACE', 'DECREASED TRANSVERSE DIMENSION OF FACE', 'DECREASED WIDTH OF FACE', 'HORIZONTAL DEFICIENCY OF FACE', 'HORIZONTAL HYPOPLASIA OF FACE', 'HORIZONTAL INSUFFICIENCY OF FACE', 'NARROW', 'NARROW FACIES', 'THIN FACE', 'THIN FACIES', 'TRANSVERSE DEFICIENCY OF FACE', 'TRANSVERSE HYPOPLASIA OF FACE', 'TRANSVERSE INSUFFICIENCY OF FACE'], THIN FACE"
195569,22,ABNORMALITY OF LINGUAL MOVEMENT|MOVEMENT ABNORMALITY OF THE TONGUE,"['ABNORMALITY OF LINGUAL MOVEMENT', 'MOVEMENT ABNORMALITY OF THE TONGUE']"
121742,22,"SUNKEN CHEEKS|DEPRESSED CHEEKS|HOLLOW CHEEKS|HOLLOWED CHEEKS, DEPRESSED CHEEKS|HOLLOW CHEEKS|SUNKEN CHEEKS, HOLLOWED CHEEKS","['SUNKEN CHEEKS', 'DEPRESSED CHEEKS', 'HOLLOW CHEEKS', 'HOLLOWED CHEEKS'], ['DEPRESSED CHEEKS', 'HOLLOW CHEEKS', 'SUNKEN CHEEKS'], HOLLOWED CHEEKS"
131984,22,CONSTIPATION|COSTIVENESS|DYSCHEZIA,"['CONSTIPATION', 'COSTIVENESS', 'DYSCHEZIA']"
5355806,22,,
5392197,22,,
5356588,22,,
204949,22,BREATHING DIFFICULTIES|DIFFICULTY BREATHING|RESPIRATORY DIFFICULTIES|SHORT OF BREATH|SHORTNESS OF BREATH|RESPIRATORY DISTRESS,"['BREATHING DIFFICULTIES', 'DIFFICULTY BREATHING', 'RESPIRATORY DIFFICULTIES', 'SHORT OF BREATH', 'SHORTNESS OF BREATH', 'RESPIRATORY DISTRESS']"
194973,22,GAPED JAWED APPEARANCE|GAPED MOUTHED APPEARANCE|OPEN MOUTH|SLACK JAWED APPEARANCE|OPEN MOUTH APPEARANCE,"['GAPED JAWED APPEARANCE', 'GAPED MOUTHED APPEARANCE', 'OPEN MOUTH', 'SLACK JAWED APPEARANCE', 'OPEN MOUTH APPEARANCE']"
810796,22,"FAVORABLE RESPONSE TO ALCOHOL, FAVORABLE RESPONSE TO ALCOHOL","FAVORABLE RESPONSE TO ALCOHOL, FAVORABLE RESPONSE TO ALCOHOL"
886838,22,"ONSET BETWEEN 13 TO 37 YEARS, ONSET BETWEEN 13 TO 37 YEARS","ONSET BETWEEN 13 TO 37 YEARS, ONSET BETWEEN 13 TO 37 YEARS"
961146,22,"ABNORMAL 'HOBBY HORSE' ATAXIC GAIT, ABNORMAL 'HOBBY HORSE' ATAXIC GAIT","ABNORMAL 'HOBBY HORSE' ATAXIC GAIT, ABNORMAL 'HOBBY HORSE' ATAXIC GAIT"
961106,22,"LARYNGEAL ADDUCTOR SPASMODIC DYSPHONIA, LARYNGEAL ADDUCTOR SPASMODIC DYSPHONIA","LARYNGEAL ADDUCTOR SPASMODIC DYSPHONIA, LARYNGEAL ADDUCTOR SPASMODIC DYSPHONIA"
958615,22,"ONE LARGE FAMILY HAS BEEN REPORTED (LAST CURATED JUNE 2013), ONE LARGE FAMILY HAS BEEN REPORTED (LAST CURATED JUNE 2013)","ONE LARGE FAMILY HAS BEEN REPORTED (LAST CURATED JUNE 2013), ONE LARGE FAMILY HAS BEEN REPORTED (LAST CURATED JUNE 2013)"
958567,22,"BRADYKINETIC TONGUE, BRADYKINETIC TONGUE","BRADYKINETIC TONGUE, BRADYKINETIC TONGUE"
958641,22,"CAUSED BY MUTATION IN THE TUBULIN, BETA-4A GENE (TUBB4A, 602662.0001), CAUSED BY MUTATION IN THE TUBULIN, BETA-4A GENE (TUBB4A, 602662.0001)","CAUSED BY MUTATION IN THE TUBULIN, BETA-4A GENE (TUBB4A, 602662.0001), CAUSED BY MUTATION IN THE TUBULIN, BETA-4A GENE (TUBB4A, 602662.0001)"
64353,22,LANGUAGE IMPAIRMENT|LANGUAGE DISORDER,"['LANGUAGE IMPAIRMENT', 'LANGUAGE DISORDER']"
127130,22,RETINA DEGENERATION|RETINAL DEGENERATION,"['RETINA DEGENERATION', 'RETINAL DEGENERATION']"
165437,22,POSTURAL TREMOR OF ARMS|UPPER LIMB POSTURAL TREMOR,"['POSTURAL TREMOR OF ARMS', 'UPPER LIMB POSTURAL TREMOR']"
162528,22,KYPHOSCOLIOSIS,KYPHOSCOLIOSIS
71991,22,EUNUCHOID HABITUS,EUNUCHOID HABITUS